Gender,Percentage
Female,50.080000000000005
Male,49.919999999999995
